Series Name,Series Code,Country Name,Country Code,1990 [YR1990],2000 [YR2000],2011 [YR2011],2012 [YR2012],2013 [YR2013],2014 [YR2014],2015 [YR2015],2016 [YR2016],2017 [YR2017],2018 [YR2018],2019 [YR2019],2020 [YR2020]
"Calificación de transparencia, responsabilidad y corrupción en el sector público de la CPIA (1=bajo a 6=alto)",IQ.CPA.TRAN.XQ,El mundo árabe,ARB,..,..,2.3,2.2,2.2,2.3,2.2,2.2,2.08333333333333,2.2,2.16666666666667,..
"Calificación de transparencia, responsabilidad y corrupción en el sector público de la CPIA (1=bajo a 6=alto)",IQ.CPA.TRAN.XQ,Estados pequeos del Caribe,CSS,..,..,3.8,3.8,3.9,3.9,3.9,3.9,3.9,3.9,3.9,..
"Calificación de transparencia, responsabilidad y corrupción en el sector público de la CPIA (1=bajo a 6=alto)",IQ.CPA.TRAN.XQ,Europa Central y del Báltico,CEB,..,..,..,..,..,..,..,..,..,..,..,..
"Calificación de transparencia, responsabilidad y corrupción en el sector público de la CPIA (1=bajo a 6=alto)",IQ.CPA.TRAN.XQ,inicial del dividendo demográfico,EAR,..,..,3.05,3.06666666666667,3.06451612903226,3.01666666666667,3.01666666666667,2.96551724137931,2.94827586206897,2.96551724137931,2.94827586206897,..
"Calificación de transparencia, responsabilidad y corrupción en el sector público de la CPIA (1=bajo a 6=alto)",IQ.CPA.TRAN.XQ,Asia oriental y el Pacífico,EAS,..,..,3.07692307692308,3.14285714285714,3.1,3.13333333333333,3.13333333333333,3.14285714285714,3.10714285714286,3.03571428571429,3.03571428571429,..
"Calificación de transparencia, responsabilidad y corrupción en el sector público de la CPIA (1=bajo a 6=alto)",IQ.CPA.TRAN.XQ,Asia oriental y el Pacífico (excluido altos ingresos),EAP,..,..,3.07692307692308,3.14285714285714,3.1,3.13333333333333,3.13333333333333,3.14285714285714,3.10714285714286,3.03571428571429,3.03571428571429,..
"Calificación de transparencia, responsabilidad y corrupción en el sector público de la CPIA (1=bajo a 6=alto)",IQ.CPA.TRAN.XQ,Asia oriental y el Pacífico (BIRF y la AIF),TEA,..,..,3.07692307692308,3.14285714285714,3.1,3.13333333333333,3.13333333333333,3.14285714285714,3.10714285714286,3.03571428571429,3.03571428571429,..
"Calificación de transparencia, responsabilidad y corrupción en el sector público de la CPIA (1=bajo a 6=alto)",IQ.CPA.TRAN.XQ,Zona del Euro,EMU,..,..,..,..,..,..,..,..,..,..,..,..
"Calificación de transparencia, responsabilidad y corrupción en el sector público de la CPIA (1=bajo a 6=alto)",IQ.CPA.TRAN.XQ,Europa y Asia central,ECS,..,..,2.875,3,3,2.7,2.6,2.6,2.6,2.6,2.6,..
"Calificación de transparencia, responsabilidad y corrupción en el sector público de la CPIA (1=bajo a 6=alto)",IQ.CPA.TRAN.XQ,Europa y Asia central (excluido altos ingresos),ECA,..,..,2.875,3,3,2.7,2.6,2.6,2.6,2.6,2.6,..
"Calificación de transparencia, responsabilidad y corrupción en el sector público de la CPIA (1=bajo a 6=alto)",IQ.CPA.TRAN.XQ,Europa y Asia central (BIRF y la AIF),TEC,..,..,2.875,3,3,2.7,2.6,2.6,2.6,2.6,2.6,..
"Calificación de transparencia, responsabilidad y corrupción en el sector público de la CPIA (1=bajo a 6=alto)",IQ.CPA.TRAN.XQ,Unión Europea,EUU,..,..,..,..,..,..,..,..,..,..,..,..
"Calificación de transparencia, responsabilidad y corrupción en el sector público de la CPIA (1=bajo a 6=alto)",IQ.CPA.TRAN.XQ,Frágiles y situaciones de conflicto afectados,FCS,..,..,2.62068965517241,2.54838709677419,2.546875,2.609375,2.5625,2.5625,2.48484848484848,2.546875,2.53030303030303,..
"Calificación de transparencia, responsabilidad y corrupción en el sector público de la CPIA (1=bajo a 6=alto)",IQ.CPA.TRAN.XQ,Países pobres muy endeudados (PPME),HPC,..,..,2.72368421052632,2.67105263157895,2.69736842105263,2.73684210526316,2.69736842105263,2.66216216216216,2.63157894736842,2.66216216216216,2.65789473684211,..
"Calificación de transparencia, responsabilidad y corrupción en el sector público de la CPIA (1=bajo a 6=alto)",IQ.CPA.TRAN.XQ,Ingreso alto,HIC,..,..,..,..,..,..,..,..,..,..,..,..
"Calificación de transparencia, responsabilidad y corrupción en el sector público de la CPIA (1=bajo a 6=alto)",IQ.CPA.TRAN.XQ,Sólo BIRF,IBD,..,..,3.2,3.25,3.25,3.2,3,3,3,2.75,2.83333333333333,..
"Calificación de transparencia, responsabilidad y corrupción en el sector público de la CPIA (1=bajo a 6=alto)",IQ.CPA.TRAN.XQ,BIRF y la AIF,IBT,..,..,2.92307692307692,2.90625,2.91358024691358,2.90789473684211,2.88157894736842,2.85616438356164,2.82432432432432,2.84246575342466,2.84666666666667,..
"Calificación de transparencia, responsabilidad y corrupción en el sector público de la CPIA (1=bajo a 6=alto)",IQ.CPA.TRAN.XQ,mezcla de la AIF,IDB,..,..,3.10714285714286,3.07142857142857,3.07142857142857,3.07142857142857,3.14285714285714,3.10714285714286,3.10714285714286,3.21428571428571,3.21428571428571,..
"Calificación de transparencia, responsabilidad y corrupción en el sector público de la CPIA (1=bajo a 6=alto)",IQ.CPA.TRAN.XQ,Sólo AIF,IDX,..,..,2.82407407407407,2.80357142857143,2.81578947368421,2.84210526315789,2.80701754385965,2.78947368421053,2.75,2.75438596491228,2.75862068965517,..
"Calificación de transparencia, responsabilidad y corrupción en el sector público de la CPIA (1=bajo a 6=alto)",IQ.CPA.TRAN.XQ,total de la AIF,IDA,..,..,2.88235294117647,2.85714285714286,2.86619718309859,2.88732394366197,2.87323943661972,2.85211267605634,2.81944444444444,2.84507042253521,2.84722222222222,..
"Calificación de transparencia, responsabilidad y corrupción en el sector público de la CPIA (1=bajo a 6=alto)",IQ.CPA.TRAN.XQ,avanzada del dividendo demográfico,LTE,..,..,3.3,3.4,3.45,3.375,3.3125,3.41666666666667,3.41666666666667,3.33333333333333,3.28571428571429,..
"Calificación de transparencia, responsabilidad y corrupción en el sector público de la CPIA (1=bajo a 6=alto)",IQ.CPA.TRAN.XQ,América Latina y el Caribe,LCN,..,..,3.38888888888889,3.38888888888889,3.5,3.5,3.44444444444444,3.4375,3.4375,3.4375,3.375,..
"Calificación de transparencia, responsabilidad y corrupción en el sector público de la CPIA (1=bajo a 6=alto)",IQ.CPA.TRAN.XQ,América Latina y el Caribe (excluido altos ingresos),LAC,..,..,3.38888888888889,3.38888888888889,3.5,3.5,3.44444444444444,3.4375,3.4375,3.4375,3.375,..
"Calificación de transparencia, responsabilidad y corrupción en el sector público de la CPIA (1=bajo a 6=alto)",IQ.CPA.TRAN.XQ,América Latina y el Caribe (BIRF y la AIF),TLA,..,..,3.38888888888889,3.38888888888889,3.5,3.5,3.44444444444444,3.4375,3.4375,3.4375,3.375,..
"Calificación de transparencia, responsabilidad y corrupción en el sector público de la CPIA (1=bajo a 6=alto)",IQ.CPA.TRAN.XQ,Países menos desarrollados: clasificación de las Naciones Unidas,LDC,..,..,2.74418604651163,2.7,2.68478260869565,2.73333333333333,2.68888888888889,2.68888888888889,2.64130434782609,2.65555555555556,2.66304347826087,..
"Calificación de transparencia, responsabilidad y corrupción en el sector público de la CPIA (1=bajo a 6=alto)",IQ.CPA.TRAN.XQ,Ingreso mediano y bajo,LMY,..,..,2.92307692307692,2.90625,2.91358024691358,2.90789473684211,2.88157894736842,2.85616438356164,2.82432432432432,2.84246575342466,2.84666666666667,..
"Calificación de transparencia, responsabilidad y corrupción en el sector público de la CPIA (1=bajo a 6=alto)",IQ.CPA.TRAN.XQ,Países de ingreso bajo,LIC,..,..,2.58,2.46153846153846,2.44230769230769,2.5,2.42307692307692,2.42307692307692,2.37037037037037,2.42307692307692,2.40740740740741,..
"Calificación de transparencia, responsabilidad y corrupción en el sector público de la CPIA (1=bajo a 6=alto)",IQ.CPA.TRAN.XQ,Países de ingreso mediano bajo,LMC,..,..,2.95,2.9875,3,2.97435897435897,2.97435897435897,2.93055555555556,2.93055555555556,2.91666666666667,2.93243243243243,..
"Calificación de transparencia, responsabilidad y corrupción en el sector público de la CPIA (1=bajo a 6=alto)",IQ.CPA.TRAN.XQ,Oriente Medio y Norte de África,MEA,..,..,2.5,2.25,2.25,2.25,2,2,2,2,2,..
"Calificación de transparencia, responsabilidad y corrupción en el sector público de la CPIA (1=bajo a 6=alto)",IQ.CPA.TRAN.XQ,Oriente Medio y Norte de África (excluido altos ingresos),MNA,..,..,2.5,2.25,2.25,2.25,2,2,2,2,2,..
"Calificación de transparencia, responsabilidad y corrupción en el sector público de la CPIA (1=bajo a 6=alto)",IQ.CPA.TRAN.XQ,Oriente Medio y Norte de África (BIRF y la AIF),TMN,..,..,2.5,2.25,2.25,2.25,2,2,2,2,2,..
"Calificación de transparencia, responsabilidad y corrupción en el sector público de la CPIA (1=bajo a 6=alto)",IQ.CPA.TRAN.XQ, Ingreso mediano,MIC,..,..,3.08490566037736,3.12037037037037,3.13636363636364,3.12,3.12,3.09574468085106,3.08510638297872,3.07446808510638,3.09375,..
"Calificación de transparencia, responsabilidad y corrupción en el sector público de la CPIA (1=bajo a 6=alto)",IQ.CPA.TRAN.XQ,América del Norte,NAC,..,..,..,..,..,..,..,..,..,..,..,..
"Calificación de transparencia, responsabilidad y corrupción en el sector público de la CPIA (1=bajo a 6=alto)",IQ.CPA.TRAN.XQ,No clasificado,INX,..,..,..,..,..,..,..,..,..,..,..,..
"Calificación de transparencia, responsabilidad y corrupción en el sector público de la CPIA (1=bajo a 6=alto)",IQ.CPA.TRAN.XQ,Miembros OCDE,OED,..,..,..,..,..,..,..,..,..,..,..,..
"Calificación de transparencia, responsabilidad y corrupción en el sector público de la CPIA (1=bajo a 6=alto)",IQ.CPA.TRAN.XQ,Otros Estados pequeos,OSS,..,..,3.15,3.05,3.05,3,3,2.95,2.85,2.95,3.05,..
"Calificación de transparencia, responsabilidad y corrupción en el sector público de la CPIA (1=bajo a 6=alto)",IQ.CPA.TRAN.XQ,Estados pequeos de las Islas del Pacfico,PSS,..,..,3.35714285714286,3.4375,3.4375,3.4375,3.4375,3.4375,3.4375,3.4375,3.4375,..
"Calificación de transparencia, responsabilidad y corrupción en el sector público de la CPIA (1=bajo a 6=alto)",IQ.CPA.TRAN.XQ,posterior al dividendo demográfico,PST,..,..,3,3,3,..,..,..,..,..,..,..
"Calificación de transparencia, responsabilidad y corrupción en el sector público de la CPIA (1=bajo a 6=alto)",IQ.CPA.TRAN.XQ,previa al dividendo demográfico,PRE,..,..,2.62121212121212,2.54411764705882,2.54411764705882,2.60606060606061,2.56060606060606,2.56060606060606,2.51470588235294,2.54545454545455,2.57352941176471,..
"Calificación de transparencia, responsabilidad y corrupción en el sector público de la CPIA (1=bajo a 6=alto)",IQ.CPA.TRAN.XQ,Pequeños Estados,SST,..,..,3.36363636363636,3.34782608695652,3.3695652173913,3.34782608695652,3.34782608695652,3.32608695652174,3.28260869565217,3.32608695652174,3.3695652173913,..
"Calificación de transparencia, responsabilidad y corrupción en el sector público de la CPIA (1=bajo a 6=alto)",IQ.CPA.TRAN.XQ,Asia meridional,SAS,..,..,3,3,3,2.92857142857143,3,3,2.91666666666667,2.91666666666667,3,..
"Calificación de transparencia, responsabilidad y corrupción en el sector público de la CPIA (1=bajo a 6=alto)",IQ.CPA.TRAN.XQ,Asia meridional (BIRF y la AIF),TSA,..,..,3,3,3,2.92857142857143,3,3,2.91666666666667,2.91666666666667,3,..
"Calificación de transparencia, responsabilidad y corrupción en el sector público de la CPIA (1=bajo a 6=alto)",IQ.CPA.TRAN.XQ,África al sur del Sahara,SSF,..,..,2.77631578947368,2.70512820512821,2.70512820512821,2.73684210526316,2.71052631578947,2.68421052631579,2.65384615384615,2.71052631578947,2.71794871794872,..
"Calificación de transparencia, responsabilidad y corrupción en el sector público de la CPIA (1=bajo a 6=alto)",IQ.CPA.TRAN.XQ,África al sur del Sahara (excluido altos ingresos),SSA,..,..,2.77631578947368,2.70512820512821,2.70512820512821,2.73684210526316,2.71052631578947,2.68421052631579,2.65384615384615,2.71052631578947,2.71794871794872,..
"Calificación de transparencia, responsabilidad y corrupción en el sector público de la CPIA (1=bajo a 6=alto)",IQ.CPA.TRAN.XQ,África al sur del Sahara (BIRF y la AIF),TSS,..,..,2.77631578947368,2.70512820512821,2.70512820512821,2.73684210526316,2.71052631578947,2.68421052631579,2.65384615384615,2.71052631578947,2.71794871794872,..
"Calificación de transparencia, responsabilidad y corrupción en el sector público de la CPIA (1=bajo a 6=alto)",IQ.CPA.TRAN.XQ,Ingreso mediano alto,UMC,..,..,3.5,3.5,3.53571428571429,3.63636363636364,3.63636363636364,3.63636363636364,3.59090909090909,3.59090909090909,3.63636363636364,..
"Calificación de transparencia, responsabilidad y corrupción en el sector público de la CPIA (1=bajo a 6=alto)",IQ.CPA.TRAN.XQ,Mundo,WLD,..,..,2.92307692307692,2.90625,2.91358024691358,2.90789473684211,2.88157894736842,2.85616438356164,2.82432432432432,2.84246575342466,2.84666666666667,..
"Calificación de transparencia, responsabilidad y corrupción en el sector público de la CPIA (1=bajo a 6=alto)",IQ.CPA.TRAN.XQ,Afganistán,AFG,..,..,2,2,2,2,2,2,2,2,2,..
"Calificación de transparencia, responsabilidad y corrupción en el sector público de la CPIA (1=bajo a 6=alto)",IQ.CPA.TRAN.XQ,Albania,ALB,..,..,..,..,..,..,..,..,..,..,..,..
"Calificación de transparencia, responsabilidad y corrupción en el sector público de la CPIA (1=bajo a 6=alto)",IQ.CPA.TRAN.XQ,Argelia,DZA,..,..,..,..,..,..,..,..,..,..,..,..
"Calificación de transparencia, responsabilidad y corrupción en el sector público de la CPIA (1=bajo a 6=alto)",IQ.CPA.TRAN.XQ,Samoa Americana,ASM,..,..,..,..,..,..,..,..,..,..,..,..
"Calificación de transparencia, responsabilidad y corrupción en el sector público de la CPIA (1=bajo a 6=alto)",IQ.CPA.TRAN.XQ,Andorra,AND,..,..,..,..,..,..,..,..,..,..,..,..
"Calificación de transparencia, responsabilidad y corrupción en el sector público de la CPIA (1=bajo a 6=alto)",IQ.CPA.TRAN.XQ,Angola,AGO,..,..,2.5,2.5,2.5,..,..,..,..,..,..,..
"Calificación de transparencia, responsabilidad y corrupción en el sector público de la CPIA (1=bajo a 6=alto)",IQ.CPA.TRAN.XQ,Antigua y Barbuda,ATG,..,..,..,..,..,..,..,..,..,..,..,..
"Calificación de transparencia, responsabilidad y corrupción en el sector público de la CPIA (1=bajo a 6=alto)",IQ.CPA.TRAN.XQ,Argentina,ARG,..,..,..,..,..,..,..,..,..,..,..,..
"Calificación de transparencia, responsabilidad y corrupción en el sector público de la CPIA (1=bajo a 6=alto)",IQ.CPA.TRAN.XQ,Armenia,ARM,..,..,3,3.5,3.5,..,..,..,..,..,..,..
"Calificación de transparencia, responsabilidad y corrupción en el sector público de la CPIA (1=bajo a 6=alto)",IQ.CPA.TRAN.XQ,Aruba,ABW,..,..,..,..,..,..,..,..,..,..,..,..
"Calificación de transparencia, responsabilidad y corrupción en el sector público de la CPIA (1=bajo a 6=alto)",IQ.CPA.TRAN.XQ,Australia,AUS,..,..,..,..,..,..,..,..,..,..,..,..
"Calificación de transparencia, responsabilidad y corrupción en el sector público de la CPIA (1=bajo a 6=alto)",IQ.CPA.TRAN.XQ,Austria,AUT,..,..,..,..,..,..,..,..,..,..,..,..
"Calificación de transparencia, responsabilidad y corrupción en el sector público de la CPIA (1=bajo a 6=alto)",IQ.CPA.TRAN.XQ,Azerbaiyán,AZE,..,..,..,..,..,..,..,..,..,..,..,..
"Calificación de transparencia, responsabilidad y corrupción en el sector público de la CPIA (1=bajo a 6=alto)",IQ.CPA.TRAN.XQ,Bahamas,BHS,..,..,..,..,..,..,..,..,..,..,..,..
"Calificación de transparencia, responsabilidad y corrupción en el sector público de la CPIA (1=bajo a 6=alto)",IQ.CPA.TRAN.XQ,Bahrein,BHR,..,..,..,..,..,..,..,..,..,..,..,..
"Calificación de transparencia, responsabilidad y corrupción en el sector público de la CPIA (1=bajo a 6=alto)",IQ.CPA.TRAN.XQ,Bangladesh,BGD,..,..,2.5,2.5,2.5,2.5,2.5,2.5,2.5,2.5,2.5,..
"Calificación de transparencia, responsabilidad y corrupción en el sector público de la CPIA (1=bajo a 6=alto)",IQ.CPA.TRAN.XQ,Barbados,BRB,..,..,..,..,..,..,..,..,..,..,..,..
"Calificación de transparencia, responsabilidad y corrupción en el sector público de la CPIA (1=bajo a 6=alto)",IQ.CPA.TRAN.XQ,Belarús,BLR,..,..,..,..,..,..,..,..,..,..,..,..
"Calificación de transparencia, responsabilidad y corrupción en el sector público de la CPIA (1=bajo a 6=alto)",IQ.CPA.TRAN.XQ,Bélgica,BEL,..,..,..,..,..,..,..,..,..,..,..,..
"Calificación de transparencia, responsabilidad y corrupción en el sector público de la CPIA (1=bajo a 6=alto)",IQ.CPA.TRAN.XQ,Belice,BLZ,..,..,..,..,..,..,..,..,..,..,..,..
"Calificación de transparencia, responsabilidad y corrupción en el sector público de la CPIA (1=bajo a 6=alto)",IQ.CPA.TRAN.XQ,Benin,BEN,..,..,3.5,3.5,3.5,3.5,3.5,3.5,3.5,3.5,3.5,..
"Calificación de transparencia, responsabilidad y corrupción en el sector público de la CPIA (1=bajo a 6=alto)",IQ.CPA.TRAN.XQ,Bermudas,BMU,..,..,..,..,..,..,..,..,..,..,..,..
"Calificación de transparencia, responsabilidad y corrupción en el sector público de la CPIA (1=bajo a 6=alto)",IQ.CPA.TRAN.XQ,Bhután,BTN,..,..,4.5,4.5,4.5,4.5,4.5,4.5,4.5,4.5,4.5,..
"Calificación de transparencia, responsabilidad y corrupción en el sector público de la CPIA (1=bajo a 6=alto)",IQ.CPA.TRAN.XQ,Bolivia,BOL,..,..,3.5,3.5,3.5,3.5,3,..,..,..,..,..
"Calificación de transparencia, responsabilidad y corrupción en el sector público de la CPIA (1=bajo a 6=alto)",IQ.CPA.TRAN.XQ,Bosnia y Herzegovina,BIH,..,..,3,3,3,..,..,..,..,..,..,..
"Calificación de transparencia, responsabilidad y corrupción en el sector público de la CPIA (1=bajo a 6=alto)",IQ.CPA.TRAN.XQ,Botswana,BWA,..,..,..,..,..,..,..,..,..,..,..,..
"Calificación de transparencia, responsabilidad y corrupción en el sector público de la CPIA (1=bajo a 6=alto)",IQ.CPA.TRAN.XQ,Brasil,BRA,..,..,..,..,..,..,..,..,..,..,..,..
"Calificación de transparencia, responsabilidad y corrupción en el sector público de la CPIA (1=bajo a 6=alto)",IQ.CPA.TRAN.XQ,Islas Vírgenes Británicas,VGB,..,..,..,..,..,..,..,..,..,..,..,..
"Calificación de transparencia, responsabilidad y corrupción en el sector público de la CPIA (1=bajo a 6=alto)",IQ.CPA.TRAN.XQ,Brunei Darussalam,BRN,..,..,..,..,..,..,..,..,..,..,..,..
"Calificación de transparencia, responsabilidad y corrupción en el sector público de la CPIA (1=bajo a 6=alto)",IQ.CPA.TRAN.XQ,Bulgaria,BGR,..,..,..,..,..,..,..,..,..,..,..,..
"Calificación de transparencia, responsabilidad y corrupción en el sector público de la CPIA (1=bajo a 6=alto)",IQ.CPA.TRAN.XQ,Burkina Faso,BFA,..,..,3.5,3.5,3.5,3.5,3.5,3.5,3.5,3.5,3.5,..
"Calificación de transparencia, responsabilidad y corrupción en el sector público de la CPIA (1=bajo a 6=alto)",IQ.CPA.TRAN.XQ,Burundi,BDI,..,..,2,2,2,2.5,2,2,1.5,1.5,1.5,..
"Calificación de transparencia, responsabilidad y corrupción en el sector público de la CPIA (1=bajo a 6=alto)",IQ.CPA.TRAN.XQ,Cabo Verde,CPV,..,..,4.5,4.5,4.5,4.5,4.5,4,4,4.5,4.5,..
"Calificación de transparencia, responsabilidad y corrupción en el sector público de la CPIA (1=bajo a 6=alto)",IQ.CPA.TRAN.XQ,Camboya,KHM,..,..,2,2,2,2,2,2,2,1.5,1.5,..
"Calificación de transparencia, responsabilidad y corrupción en el sector público de la CPIA (1=bajo a 6=alto)",IQ.CPA.TRAN.XQ,Camerún,CMR,..,..,2.5,2.5,2.5,2.5,2.5,2.5,2.5,2.5,2.5,..
"Calificación de transparencia, responsabilidad y corrupción en el sector público de la CPIA (1=bajo a 6=alto)",IQ.CPA.TRAN.XQ,Canadá,CAN,..,..,..,..,..,..,..,..,..,..,..,..
"Calificación de transparencia, responsabilidad y corrupción en el sector público de la CPIA (1=bajo a 6=alto)",IQ.CPA.TRAN.XQ,Islas Caimán,CYM,..,..,..,..,..,..,..,..,..,..,..,..
"Calificación de transparencia, responsabilidad y corrupción en el sector público de la CPIA (1=bajo a 6=alto)",IQ.CPA.TRAN.XQ,República Centroafricana,CAF,..,..,2.5,2.5,2.5,2.5,2.5,2.5,2.5,2.5,2.5,..
"Calificación de transparencia, responsabilidad y corrupción en el sector público de la CPIA (1=bajo a 6=alto)",IQ.CPA.TRAN.XQ,Chad,TCD,..,..,2,2,2,2.5,2.5,2.5,2.5,2.5,2.5,..
"Calificación de transparencia, responsabilidad y corrupción en el sector público de la CPIA (1=bajo a 6=alto)",IQ.CPA.TRAN.XQ,Islas del Canal,CHI,..,..,..,..,..,..,..,..,..,..,..,..
"Calificación de transparencia, responsabilidad y corrupción en el sector público de la CPIA (1=bajo a 6=alto)",IQ.CPA.TRAN.XQ,Chile,CHL,..,..,..,..,..,..,..,..,..,..,..,..
"Calificación de transparencia, responsabilidad y corrupción en el sector público de la CPIA (1=bajo a 6=alto)",IQ.CPA.TRAN.XQ,China,CHN,..,..,..,..,..,..,..,..,..,..,..,..
"Calificación de transparencia, responsabilidad y corrupción en el sector público de la CPIA (1=bajo a 6=alto)",IQ.CPA.TRAN.XQ,Colombia,COL,..,..,..,..,..,..,..,..,..,..,..,..
"Calificación de transparencia, responsabilidad y corrupción en el sector público de la CPIA (1=bajo a 6=alto)",IQ.CPA.TRAN.XQ,Comoras,COM,..,..,2.5,2.5,2.5,2.5,2.5,2.5,2.5,2.5,2.5,..
"Calificación de transparencia, responsabilidad y corrupción en el sector público de la CPIA (1=bajo a 6=alto)",IQ.CPA.TRAN.XQ,"Congo, República Democrática del",COD,..,..,2,2,2,2,2,2,2,2,2,..
"Calificación de transparencia, responsabilidad y corrupción en el sector público de la CPIA (1=bajo a 6=alto)",IQ.CPA.TRAN.XQ,"Congo, República del",COG,..,..,2.5,2,2,2,2,2,2,2,2,..
"Calificación de transparencia, responsabilidad y corrupción en el sector público de la CPIA (1=bajo a 6=alto)",IQ.CPA.TRAN.XQ,Costa Rica,CRI,..,..,..,..,..,..,..,..,..,..,..,..
"Calificación de transparencia, responsabilidad y corrupción en el sector público de la CPIA (1=bajo a 6=alto)",IQ.CPA.TRAN.XQ,Côte d'Ivoire,CIV,..,..,2.5,2.5,3,3,3,3,3,3,3.5,..
"Calificación de transparencia, responsabilidad y corrupción en el sector público de la CPIA (1=bajo a 6=alto)",IQ.CPA.TRAN.XQ,Croacia,HRV,..,..,..,..,..,..,..,..,..,..,..,..
"Calificación de transparencia, responsabilidad y corrupción en el sector público de la CPIA (1=bajo a 6=alto)",IQ.CPA.TRAN.XQ,Cuba,CUB,..,..,..,..,..,..,..,..,..,..,..,..
"Calificación de transparencia, responsabilidad y corrupción en el sector público de la CPIA (1=bajo a 6=alto)",IQ.CPA.TRAN.XQ,Curacao,CUW,..,..,..,..,..,..,..,..,..,..,..,..
"Calificación de transparencia, responsabilidad y corrupción en el sector público de la CPIA (1=bajo a 6=alto)",IQ.CPA.TRAN.XQ,Chipre,CYP,..,..,..,..,..,..,..,..,..,..,..,..
"Calificación de transparencia, responsabilidad y corrupción en el sector público de la CPIA (1=bajo a 6=alto)",IQ.CPA.TRAN.XQ,República Checa,CZE,..,..,..,..,..,..,..,..,..,..,..,..
"Calificación de transparencia, responsabilidad y corrupción en el sector público de la CPIA (1=bajo a 6=alto)",IQ.CPA.TRAN.XQ,Dinamarca,DNK,..,..,..,..,..,..,..,..,..,..,..,..
"Calificación de transparencia, responsabilidad y corrupción en el sector público de la CPIA (1=bajo a 6=alto)",IQ.CPA.TRAN.XQ,Djibouti,DJI,..,..,2.5,2.5,2.5,2.5,2.5,2.5,2.5,2.5,2.5,..
"Calificación de transparencia, responsabilidad y corrupción en el sector público de la CPIA (1=bajo a 6=alto)",IQ.CPA.TRAN.XQ,Dominica,DMA,..,..,4,4,4,4,4,4,4,4,4,..
"Calificación de transparencia, responsabilidad y corrupción en el sector público de la CPIA (1=bajo a 6=alto)",IQ.CPA.TRAN.XQ,República Dominicana,DOM,..,..,..,..,..,..,..,..,..,..,..,..
"Calificación de transparencia, responsabilidad y corrupción en el sector público de la CPIA (1=bajo a 6=alto)",IQ.CPA.TRAN.XQ,Ecuador,ECU,..,..,..,..,..,..,..,..,..,..,..,..
"Calificación de transparencia, responsabilidad y corrupción en el sector público de la CPIA (1=bajo a 6=alto)",IQ.CPA.TRAN.XQ,"Egipto, República Árabe de",EGY,..,..,..,..,..,..,..,..,..,..,..,..
"Calificación de transparencia, responsabilidad y corrupción en el sector público de la CPIA (1=bajo a 6=alto)",IQ.CPA.TRAN.XQ,El Salvador,SLV,..,..,..,..,..,..,..,..,..,..,..,..
"Calificación de transparencia, responsabilidad y corrupción en el sector público de la CPIA (1=bajo a 6=alto)",IQ.CPA.TRAN.XQ,Guinea Ecuatorial,GNQ,..,..,..,..,..,..,..,..,..,..,..,..
"Calificación de transparencia, responsabilidad y corrupción en el sector público de la CPIA (1=bajo a 6=alto)",IQ.CPA.TRAN.XQ,Eritrea,ERI,..,..,2,2,2,2,2,2,2,2.5,2.5,..
"Calificación de transparencia, responsabilidad y corrupción en el sector público de la CPIA (1=bajo a 6=alto)",IQ.CPA.TRAN.XQ,Estonia,EST,..,..,..,..,..,..,..,..,..,..,..,..
"Calificación de transparencia, responsabilidad y corrupción en el sector público de la CPIA (1=bajo a 6=alto)",IQ.CPA.TRAN.XQ,Eswatini,SWZ,..,..,..,..,..,..,..,..,..,..,..,..
"Calificación de transparencia, responsabilidad y corrupción en el sector público de la CPIA (1=bajo a 6=alto)",IQ.CPA.TRAN.XQ,Etiopía,ETH,..,..,3,3,3,3,3,3,3,3,3,..
"Calificación de transparencia, responsabilidad y corrupción en el sector público de la CPIA (1=bajo a 6=alto)",IQ.CPA.TRAN.XQ,Islas Feroe,FRO,..,..,..,..,..,..,..,..,..,..,..,..
"Calificación de transparencia, responsabilidad y corrupción en el sector público de la CPIA (1=bajo a 6=alto)",IQ.CPA.TRAN.XQ,Fiji,FJI,..,..,..,..,..,..,..,..,..,..,..,..
"Calificación de transparencia, responsabilidad y corrupción en el sector público de la CPIA (1=bajo a 6=alto)",IQ.CPA.TRAN.XQ,Finlandia,FIN,..,..,..,..,..,..,..,..,..,..,..,..
"Calificación de transparencia, responsabilidad y corrupción en el sector público de la CPIA (1=bajo a 6=alto)",IQ.CPA.TRAN.XQ,Francia,FRA,..,..,..,..,..,..,..,..,..,..,..,..
"Calificación de transparencia, responsabilidad y corrupción en el sector público de la CPIA (1=bajo a 6=alto)",IQ.CPA.TRAN.XQ,Polinesia Francesa,PYF,..,..,..,..,..,..,..,..,..,..,..,..
"Calificación de transparencia, responsabilidad y corrupción en el sector público de la CPIA (1=bajo a 6=alto)",IQ.CPA.TRAN.XQ,Gabón,GAB,..,..,..,..,..,..,..,..,..,..,..,..
"Calificación de transparencia, responsabilidad y corrupción en el sector público de la CPIA (1=bajo a 6=alto)",IQ.CPA.TRAN.XQ,Gambia,GMB,..,..,2.5,2,2,2,2,2,2,2.5,2.5,..
"Calificación de transparencia, responsabilidad y corrupción en el sector público de la CPIA (1=bajo a 6=alto)",IQ.CPA.TRAN.XQ,Georgia,GEO,..,..,3.5,3.5,3.5,..,..,..,..,..,..,..
"Calificación de transparencia, responsabilidad y corrupción en el sector público de la CPIA (1=bajo a 6=alto)",IQ.CPA.TRAN.XQ,Alemania,DEU,..,..,..,..,..,..,..,..,..,..,..,..
"Calificación de transparencia, responsabilidad y corrupción en el sector público de la CPIA (1=bajo a 6=alto)",IQ.CPA.TRAN.XQ,Ghana,GHA,..,..,4,4,4,3.5,3.5,3,3.5,3.5,3.5,..
"Calificación de transparencia, responsabilidad y corrupción en el sector público de la CPIA (1=bajo a 6=alto)",IQ.CPA.TRAN.XQ,Gibraltar,GIB,..,..,..,..,..,..,..,..,..,..,..,..
"Calificación de transparencia, responsabilidad y corrupción en el sector público de la CPIA (1=bajo a 6=alto)",IQ.CPA.TRAN.XQ,Grecia,GRC,..,..,..,..,..,..,..,..,..,..,..,..
"Calificación de transparencia, responsabilidad y corrupción en el sector público de la CPIA (1=bajo a 6=alto)",IQ.CPA.TRAN.XQ,Groenlandia,GRL,..,..,..,..,..,..,..,..,..,..,..,..
"Calificación de transparencia, responsabilidad y corrupción en el sector público de la CPIA (1=bajo a 6=alto)",IQ.CPA.TRAN.XQ,Granada,GRD,..,..,4,4,4,4,4,4,4,4,4,..
"Calificación de transparencia, responsabilidad y corrupción en el sector público de la CPIA (1=bajo a 6=alto)",IQ.CPA.TRAN.XQ,Guam,GUM,..,..,..,..,..,..,..,..,..,..,..,..
"Calificación de transparencia, responsabilidad y corrupción en el sector público de la CPIA (1=bajo a 6=alto)",IQ.CPA.TRAN.XQ,Guatemala,GTM,..,..,..,..,..,..,..,..,..,..,..,..
"Calificación de transparencia, responsabilidad y corrupción en el sector público de la CPIA (1=bajo a 6=alto)",IQ.CPA.TRAN.XQ,Guinea,GIN,..,..,2,2,2.5,2.5,2.5,2.5,2.5,2.5,2.5,..
"Calificación de transparencia, responsabilidad y corrupción en el sector público de la CPIA (1=bajo a 6=alto)",IQ.CPA.TRAN.XQ,Guinea-Bissau,GNB,..,..,2.5,2,2,2,2,2,1.5,1.5,1.5,..
"Calificación de transparencia, responsabilidad y corrupción en el sector público de la CPIA (1=bajo a 6=alto)",IQ.CPA.TRAN.XQ,Guyana,GUY,..,..,2.5,2.5,3,3,3,3,3,3,3,..
"Calificación de transparencia, responsabilidad y corrupción en el sector público de la CPIA (1=bajo a 6=alto)",IQ.CPA.TRAN.XQ,Haití,HTI,..,..,2.5,2.5,2.5,2.5,2.5,2.5,2.5,2.5,2.5,..
"Calificación de transparencia, responsabilidad y corrupción en el sector público de la CPIA (1=bajo a 6=alto)",IQ.CPA.TRAN.XQ,Honduras,HND,..,..,3,3,3,3,3,3,3,3,2.5,..
"Calificación de transparencia, responsabilidad y corrupción en el sector público de la CPIA (1=bajo a 6=alto)",IQ.CPA.TRAN.XQ,"Hong Kong, Región Administrativa Especial",HKG,..,..,..,..,..,..,..,..,..,..,..,..
"Calificación de transparencia, responsabilidad y corrupción en el sector público de la CPIA (1=bajo a 6=alto)",IQ.CPA.TRAN.XQ,Hungría,HUN,..,..,..,..,..,..,..,..,..,..,..,..
"Calificación de transparencia, responsabilidad y corrupción en el sector público de la CPIA (1=bajo a 6=alto)",IQ.CPA.TRAN.XQ,Islandia,ISL,..,..,..,..,..,..,..,..,..,..,..,..
"Calificación de transparencia, responsabilidad y corrupción en el sector público de la CPIA (1=bajo a 6=alto)",IQ.CPA.TRAN.XQ,India,IND,..,..,3.5,3.5,3.5,..,..,..,..,..,..,..
"Calificación de transparencia, responsabilidad y corrupción en el sector público de la CPIA (1=bajo a 6=alto)",IQ.CPA.TRAN.XQ,Indonesia,IDN,..,..,..,..,..,..,..,..,..,..,..,..
"Calificación de transparencia, responsabilidad y corrupción en el sector público de la CPIA (1=bajo a 6=alto)",IQ.CPA.TRAN.XQ,"Irán, República Islámica del",IRN,..,..,..,..,..,..,..,..,..,..,..,..
"Calificación de transparencia, responsabilidad y corrupción en el sector público de la CPIA (1=bajo a 6=alto)",IQ.CPA.TRAN.XQ,Iraq,IRQ,..,..,..,..,..,..,..,..,..,..,..,..
"Calificación de transparencia, responsabilidad y corrupción en el sector público de la CPIA (1=bajo a 6=alto)",IQ.CPA.TRAN.XQ,Irlanda,IRL,..,..,..,..,..,..,..,..,..,..,..,..
"Calificación de transparencia, responsabilidad y corrupción en el sector público de la CPIA (1=bajo a 6=alto)",IQ.CPA.TRAN.XQ,Isla de Man,IMN,..,..,..,..,..,..,..,..,..,..,..,..
"Calificación de transparencia, responsabilidad y corrupción en el sector público de la CPIA (1=bajo a 6=alto)",IQ.CPA.TRAN.XQ,Israel,ISR,..,..,..,..,..,..,..,..,..,..,..,..
"Calificación de transparencia, responsabilidad y corrupción en el sector público de la CPIA (1=bajo a 6=alto)",IQ.CPA.TRAN.XQ,Italia,ITA,..,..,..,..,..,..,..,..,..,..,..,..
"Calificación de transparencia, responsabilidad y corrupción en el sector público de la CPIA (1=bajo a 6=alto)",IQ.CPA.TRAN.XQ,Jamaica,JAM,..,..,..,..,..,..,..,..,..,..,..,..
"Calificación de transparencia, responsabilidad y corrupción en el sector público de la CPIA (1=bajo a 6=alto)",IQ.CPA.TRAN.XQ,Japón,JPN,..,..,..,..,..,..,..,..,..,..,..,..
"Calificación de transparencia, responsabilidad y corrupción en el sector público de la CPIA (1=bajo a 6=alto)",IQ.CPA.TRAN.XQ,Jordania,JOR,..,..,..,..,..,..,..,..,..,..,..,..
"Calificación de transparencia, responsabilidad y corrupción en el sector público de la CPIA (1=bajo a 6=alto)",IQ.CPA.TRAN.XQ,Kazajstán,KAZ,..,..,..,..,..,..,..,..,..,..,..,..
"Calificación de transparencia, responsabilidad y corrupción en el sector público de la CPIA (1=bajo a 6=alto)",IQ.CPA.TRAN.XQ,Kenya,KEN,..,..,3,3,3,3,3,3,3,3,3,..
"Calificación de transparencia, responsabilidad y corrupción en el sector público de la CPIA (1=bajo a 6=alto)",IQ.CPA.TRAN.XQ,Kiribati,KIR,..,..,3.5,3.5,3.5,3.5,3.5,3.5,3.5,3.5,3.5,..
"Calificación de transparencia, responsabilidad y corrupción en el sector público de la CPIA (1=bajo a 6=alto)",IQ.CPA.TRAN.XQ,"Corea, República Popular Democrática de",PRK,..,..,..,..,..,..,..,..,..,..,..,..
"Calificación de transparencia, responsabilidad y corrupción en el sector público de la CPIA (1=bajo a 6=alto)",IQ.CPA.TRAN.XQ,"Corea, República de",KOR,..,..,..,..,..,..,..,..,..,..,..,..
"Calificación de transparencia, responsabilidad y corrupción en el sector público de la CPIA (1=bajo a 6=alto)",IQ.CPA.TRAN.XQ,Kosovo,XKX,..,..,3,3,3,3,3,3,3,3,3,..
"Calificación de transparencia, responsabilidad y corrupción en el sector público de la CPIA (1=bajo a 6=alto)",IQ.CPA.TRAN.XQ,Kuwait,KWT,..,..,..,..,..,..,..,..,..,..,..,..
"Calificación de transparencia, responsabilidad y corrupción en el sector público de la CPIA (1=bajo a 6=alto)",IQ.CPA.TRAN.XQ,Kirguistán,KGZ,..,..,2.5,3,3,3,3,3,3,3,3,..
"Calificación de transparencia, responsabilidad y corrupción en el sector público de la CPIA (1=bajo a 6=alto)",IQ.CPA.TRAN.XQ,República Democrática Popular Lao,LAO,..,..,2.5,2.5,2.5,2.5,2.5,2.5,2.5,2.5,2.5,..
"Calificación de transparencia, responsabilidad y corrupción en el sector público de la CPIA (1=bajo a 6=alto)",IQ.CPA.TRAN.XQ,Letonia,LVA,..,..,..,..,..,..,..,..,..,..,..,..
"Calificación de transparencia, responsabilidad y corrupción en el sector público de la CPIA (1=bajo a 6=alto)",IQ.CPA.TRAN.XQ,Líbano,LBN,..,..,..,..,..,..,..,..,..,..,..,..
"Calificación de transparencia, responsabilidad y corrupción en el sector público de la CPIA (1=bajo a 6=alto)",IQ.CPA.TRAN.XQ,Lesotho,LSO,..,..,3.5,3.5,3.5,3,3,3,3,3,3,..
"Calificación de transparencia, responsabilidad y corrupción en el sector público de la CPIA (1=bajo a 6=alto)",IQ.CPA.TRAN.XQ,Liberia,LBR,..,..,3,3,3,3,3,3,3,2.5,2.5,..
"Calificación de transparencia, responsabilidad y corrupción en el sector público de la CPIA (1=bajo a 6=alto)",IQ.CPA.TRAN.XQ,Libia,LBY,..,..,..,..,..,..,..,..,..,..,..,..
"Calificación de transparencia, responsabilidad y corrupción en el sector público de la CPIA (1=bajo a 6=alto)",IQ.CPA.TRAN.XQ,Liechtenstein,LIE,..,..,..,..,..,..,..,..,..,..,..,..
"Calificación de transparencia, responsabilidad y corrupción en el sector público de la CPIA (1=bajo a 6=alto)",IQ.CPA.TRAN.XQ,Lituania,LTU,..,..,..,..,..,..,..,..,..,..,..,..
"Calificación de transparencia, responsabilidad y corrupción en el sector público de la CPIA (1=bajo a 6=alto)",IQ.CPA.TRAN.XQ,Luxemburgo,LUX,..,..,..,..,..,..,..,..,..,..,..,..
"Calificación de transparencia, responsabilidad y corrupción en el sector público de la CPIA (1=bajo a 6=alto)",IQ.CPA.TRAN.XQ,"Región Administrativa Especial de Macao, China",MAC,..,..,..,..,..,..,..,..,..,..,..,..
"Calificación de transparencia, responsabilidad y corrupción en el sector público de la CPIA (1=bajo a 6=alto)",IQ.CPA.TRAN.XQ,Madagascar,MDG,..,..,2.5,2.5,2,2.5,2.5,2.5,2.5,2.5,2.5,..
"Calificación de transparencia, responsabilidad y corrupción en el sector público de la CPIA (1=bajo a 6=alto)",IQ.CPA.TRAN.XQ,Malawi,MWI,..,..,3,3,2.5,2.5,2.5,2.5,2.5,2.5,2.5,..
"Calificación de transparencia, responsabilidad y corrupción en el sector público de la CPIA (1=bajo a 6=alto)",IQ.CPA.TRAN.XQ,Malasia,MYS,..,..,..,..,..,..,..,..,..,..,..,..
"Calificación de transparencia, responsabilidad y corrupción en el sector público de la CPIA (1=bajo a 6=alto)",IQ.CPA.TRAN.XQ,Maldivas,MDV,..,..,3,3,3,3,3,3,2.5,2.5,3,..
"Calificación de transparencia, responsabilidad y corrupción en el sector público de la CPIA (1=bajo a 6=alto)",IQ.CPA.TRAN.XQ,Malí,MLI,..,..,3.5,3,3,3,3,3,3,3,3,..
"Calificación de transparencia, responsabilidad y corrupción en el sector público de la CPIA (1=bajo a 6=alto)",IQ.CPA.TRAN.XQ,Malta,MLT,..,..,..,..,..,..,..,..,..,..,..,..
"Calificación de transparencia, responsabilidad y corrupción en el sector público de la CPIA (1=bajo a 6=alto)",IQ.CPA.TRAN.XQ,Islas Marshall,MHL,..,..,3.5,3.5,3.5,3.5,3.5,3.5,3.5,3.5,3.5,..
"Calificación de transparencia, responsabilidad y corrupción en el sector público de la CPIA (1=bajo a 6=alto)",IQ.CPA.TRAN.XQ,Mauritania,MRT,..,..,2.5,2.5,2.5,3,3,3,3,3,3,..
"Calificación de transparencia, responsabilidad y corrupción en el sector público de la CPIA (1=bajo a 6=alto)",IQ.CPA.TRAN.XQ,Mauricio,MUS,..,..,..,..,..,..,..,..,..,..,..,..
"Calificación de transparencia, responsabilidad y corrupción en el sector público de la CPIA (1=bajo a 6=alto)",IQ.CPA.TRAN.XQ,México,MEX,..,..,..,..,..,..,..,..,..,..,..,..
"Calificación de transparencia, responsabilidad y corrupción en el sector público de la CPIA (1=bajo a 6=alto)",IQ.CPA.TRAN.XQ,Micronesia (Estados Federados de),FSM,..,..,3,3.5,3.5,3.5,3.5,3.5,3.5,3.5,3.5,..
"Calificación de transparencia, responsabilidad y corrupción en el sector público de la CPIA (1=bajo a 6=alto)",IQ.CPA.TRAN.XQ,República de Moldova,MDA,..,..,3.5,3.5,3.5,3,2.5,2.5,2.5,2.5,2.5,..
"Calificación de transparencia, responsabilidad y corrupción en el sector público de la CPIA (1=bajo a 6=alto)",IQ.CPA.TRAN.XQ,Mónaco,MCO,..,..,..,..,..,..,..,..,..,..,..,..
"Calificación de transparencia, responsabilidad y corrupción en el sector público de la CPIA (1=bajo a 6=alto)",IQ.CPA.TRAN.XQ,Mongolia,MNG,..,..,3.5,3.5,3.5,3.5,3.5,3.5,3.5,3,3,..
"Calificación de transparencia, responsabilidad y corrupción en el sector público de la CPIA (1=bajo a 6=alto)",IQ.CPA.TRAN.XQ,Montenegro,MNE,..,..,..,..,..,..,..,..,..,..,..,..
"Calificación de transparencia, responsabilidad y corrupción en el sector público de la CPIA (1=bajo a 6=alto)",IQ.CPA.TRAN.XQ,Marruecos,MAR,..,..,..,..,..,..,..,..,..,..,..,..
"Calificación de transparencia, responsabilidad y corrupción en el sector público de la CPIA (1=bajo a 6=alto)",IQ.CPA.TRAN.XQ,Mozambique,MOZ,..,..,3,3,3,3,2.5,2.5,2.5,2.5,2.5,..
"Calificación de transparencia, responsabilidad y corrupción en el sector público de la CPIA (1=bajo a 6=alto)",IQ.CPA.TRAN.XQ,Myanmar,MMR,..,..,..,..,2.5,3,3,3,2.5,2.5,2.5,..
"Calificación de transparencia, responsabilidad y corrupción en el sector público de la CPIA (1=bajo a 6=alto)",IQ.CPA.TRAN.XQ,Namibia,NAM,..,..,..,..,..,..,..,..,..,..,..,..
"Calificación de transparencia, responsabilidad y corrupción en el sector público de la CPIA (1=bajo a 6=alto)",IQ.CPA.TRAN.XQ,Nauru,NRU,..,..,..,..,..,..,..,..,..,..,..,..
"Calificación de transparencia, responsabilidad y corrupción en el sector público de la CPIA (1=bajo a 6=alto)",IQ.CPA.TRAN.XQ,Nepal,NPL,..,..,3,3,3,3,3,3,3,3,3,..
"Calificación de transparencia, responsabilidad y corrupción en el sector público de la CPIA (1=bajo a 6=alto)",IQ.CPA.TRAN.XQ,Países Bajos,NLD,..,..,..,..,..,..,..,..,..,..,..,..
"Calificación de transparencia, responsabilidad y corrupción en el sector público de la CPIA (1=bajo a 6=alto)",IQ.CPA.TRAN.XQ,Nueva Caledonia,NCL,..,..,..,..,..,..,..,..,..,..,..,..
"Calificación de transparencia, responsabilidad y corrupción en el sector público de la CPIA (1=bajo a 6=alto)",IQ.CPA.TRAN.XQ,Nueva Zelandia,NZL,..,..,..,..,..,..,..,..,..,..,..,..
"Calificación de transparencia, responsabilidad y corrupción en el sector público de la CPIA (1=bajo a 6=alto)",IQ.CPA.TRAN.XQ,Nicaragua,NIC,..,..,2.5,2.5,3,3,3,2.5,2.5,2.5,2.5,..
"Calificación de transparencia, responsabilidad y corrupción en el sector público de la CPIA (1=bajo a 6=alto)",IQ.CPA.TRAN.XQ,Níger,NER,..,..,3,3,3,3,3,3,3,3,3,..
"Calificación de transparencia, responsabilidad y corrupción en el sector público de la CPIA (1=bajo a 6=alto)",IQ.CPA.TRAN.XQ,Nigeria,NGA,..,..,3,3,3,3,3,3,3,3,3,..
"Calificación de transparencia, responsabilidad y corrupción en el sector público de la CPIA (1=bajo a 6=alto)",IQ.CPA.TRAN.XQ,Macedonia del Norte,MKD,..,..,..,..,..,..,..,..,..,..,..,..
"Calificación de transparencia, responsabilidad y corrupción en el sector público de la CPIA (1=bajo a 6=alto)",IQ.CPA.TRAN.XQ,Mariana,MNP,..,..,..,..,..,..,..,..,..,..,..,..
"Calificación de transparencia, responsabilidad y corrupción en el sector público de la CPIA (1=bajo a 6=alto)",IQ.CPA.TRAN.XQ,Noruega,NOR,..,..,..,..,..,..,..,..,..,..,..,..
"Calificación de transparencia, responsabilidad y corrupción en el sector público de la CPIA (1=bajo a 6=alto)",IQ.CPA.TRAN.XQ,Omán,OMN,..,..,..,..,..,..,..,..,..,..,..,..
"Calificación de transparencia, responsabilidad y corrupción en el sector público de la CPIA (1=bajo a 6=alto)",IQ.CPA.TRAN.XQ,Pakistán,PAK,..,..,2.5,2.5,2.5,2.5,3,3,3,3,3,..
"Calificación de transparencia, responsabilidad y corrupción en el sector público de la CPIA (1=bajo a 6=alto)",IQ.CPA.TRAN.XQ,Palau,PLW,..,..,..,..,..,..,..,..,..,..,..,..
"Calificación de transparencia, responsabilidad y corrupción en el sector público de la CPIA (1=bajo a 6=alto)",IQ.CPA.TRAN.XQ,Panamá,PAN,..,..,..,..,..,..,..,..,..,..,..,..
"Calificación de transparencia, responsabilidad y corrupción en el sector público de la CPIA (1=bajo a 6=alto)",IQ.CPA.TRAN.XQ,Papua Nueva Guinea,PNG,..,..,3,3,3,3,3,3,3,3,2.5,..
"Calificación de transparencia, responsabilidad y corrupción en el sector público de la CPIA (1=bajo a 6=alto)",IQ.CPA.TRAN.XQ,Paraguay,PRY,..,..,..,..,..,..,..,..,..,..,..,..
"Calificación de transparencia, responsabilidad y corrupción en el sector público de la CPIA (1=bajo a 6=alto)",IQ.CPA.TRAN.XQ,Perú,PER,..,..,..,..,..,..,..,..,..,..,..,..
"Calificación de transparencia, responsabilidad y corrupción en el sector público de la CPIA (1=bajo a 6=alto)",IQ.CPA.TRAN.XQ,Filipinas,PHL,..,..,..,..,..,..,..,..,..,..,..,..
"Calificación de transparencia, responsabilidad y corrupción en el sector público de la CPIA (1=bajo a 6=alto)",IQ.CPA.TRAN.XQ,Polonia,POL,..,..,..,..,..,..,..,..,..,..,..,..
"Calificación de transparencia, responsabilidad y corrupción en el sector público de la CPIA (1=bajo a 6=alto)",IQ.CPA.TRAN.XQ,Portugal,PRT,..,..,..,..,..,..,..,..,..,..,..,..
"Calificación de transparencia, responsabilidad y corrupción en el sector público de la CPIA (1=bajo a 6=alto)",IQ.CPA.TRAN.XQ,Puerto Rico,PRI,..,..,..,..,..,..,..,..,..,..,..,..
"Calificación de transparencia, responsabilidad y corrupción en el sector público de la CPIA (1=bajo a 6=alto)",IQ.CPA.TRAN.XQ,Qatar,QAT,..,..,..,..,..,..,..,..,..,..,..,..
"Calificación de transparencia, responsabilidad y corrupción en el sector público de la CPIA (1=bajo a 6=alto)",IQ.CPA.TRAN.XQ,Rumania,ROU,..,..,..,..,..,..,..,..,..,..,..,..
"Calificación de transparencia, responsabilidad y corrupción en el sector público de la CPIA (1=bajo a 6=alto)",IQ.CPA.TRAN.XQ,Federación de Rusia,RUS,..,..,..,..,..,..,..,..,..,..,..,..
"Calificación de transparencia, responsabilidad y corrupción en el sector público de la CPIA (1=bajo a 6=alto)",IQ.CPA.TRAN.XQ,Rwanda,RWA,..,..,3.5,3.5,3.5,3.5,3.5,3.5,3.5,3.5,3.5,..
"Calificación de transparencia, responsabilidad y corrupción en el sector público de la CPIA (1=bajo a 6=alto)",IQ.CPA.TRAN.XQ,Samoa,WSM,..,..,4,4,4,4,4,4,4,4,4,..
"Calificación de transparencia, responsabilidad y corrupción en el sector público de la CPIA (1=bajo a 6=alto)",IQ.CPA.TRAN.XQ,San Marino,SMR,..,..,..,..,..,..,..,..,..,..,..,..
"Calificación de transparencia, responsabilidad y corrupción en el sector público de la CPIA (1=bajo a 6=alto)",IQ.CPA.TRAN.XQ,Santo Tomé y Príncipe,STP,..,..,3.5,3.5,3.5,3.5,3.5,3.5,3.5,3.5,3.5,..
"Calificación de transparencia, responsabilidad y corrupción en el sector público de la CPIA (1=bajo a 6=alto)",IQ.CPA.TRAN.XQ,Arabia Saudita,SAU,..,..,..,..,..,..,..,..,..,..,..,..
"Calificación de transparencia, responsabilidad y corrupción en el sector público de la CPIA (1=bajo a 6=alto)",IQ.CPA.TRAN.XQ,Senegal,SEN,..,..,3.5,3.5,3.5,3.5,3.5,3.5,3.5,3.5,3.5,..
"Calificación de transparencia, responsabilidad y corrupción en el sector público de la CPIA (1=bajo a 6=alto)",IQ.CPA.TRAN.XQ,Serbia,SRB,..,..,..,..,..,..,..,..,..,..,..,..
"Calificación de transparencia, responsabilidad y corrupción en el sector público de la CPIA (1=bajo a 6=alto)",IQ.CPA.TRAN.XQ,Seychelles,SYC,..,..,..,..,..,..,..,..,..,..,..,..
"Calificación de transparencia, responsabilidad y corrupción en el sector público de la CPIA (1=bajo a 6=alto)",IQ.CPA.TRAN.XQ,Sierra Leona,SLE,..,..,3,3,3,3,3,3,3,3,3,..
"Calificación de transparencia, responsabilidad y corrupción en el sector público de la CPIA (1=bajo a 6=alto)",IQ.CPA.TRAN.XQ,Singapur,SGP,..,..,..,..,..,..,..,..,..,..,..,..
"Calificación de transparencia, responsabilidad y corrupción en el sector público de la CPIA (1=bajo a 6=alto)",IQ.CPA.TRAN.XQ,Sint Maarten (Dutch part),SXM,..,..,..,..,..,..,..,..,..,..,..,..
"Calificación de transparencia, responsabilidad y corrupción en el sector público de la CPIA (1=bajo a 6=alto)",IQ.CPA.TRAN.XQ,República Eslovaca,SVK,..,..,..,..,..,..,..,..,..,..,..,..
"Calificación de transparencia, responsabilidad y corrupción en el sector público de la CPIA (1=bajo a 6=alto)",IQ.CPA.TRAN.XQ,Eslovenia,SVN,..,..,..,..,..,..,..,..,..,..,..,..
"Calificación de transparencia, responsabilidad y corrupción en el sector público de la CPIA (1=bajo a 6=alto)",IQ.CPA.TRAN.XQ,Islas Salomón,SLB,..,..,3,3,3,3,3,3,3,3,3,..
"Calificación de transparencia, responsabilidad y corrupción en el sector público de la CPIA (1=bajo a 6=alto)",IQ.CPA.TRAN.XQ,Somalia,SOM,..,..,..,..,..,..,..,..,1.5,..,2,..
"Calificación de transparencia, responsabilidad y corrupción en el sector público de la CPIA (1=bajo a 6=alto)",IQ.CPA.TRAN.XQ,Sudáfrica,ZAF,..,..,..,..,..,..,..,..,..,..,..,..
"Calificación de transparencia, responsabilidad y corrupción en el sector público de la CPIA (1=bajo a 6=alto)",IQ.CPA.TRAN.XQ,Sudán del Sur,SSD,..,..,..,2,2,2,1.5,1.5,1.5,1.5,1.5,..
"Calificación de transparencia, responsabilidad y corrupción en el sector público de la CPIA (1=bajo a 6=alto)",IQ.CPA.TRAN.XQ,España,ESP,..,..,..,..,..,..,..,..,..,..,..,..
"Calificación de transparencia, responsabilidad y corrupción en el sector público de la CPIA (1=bajo a 6=alto)",IQ.CPA.TRAN.XQ,Sri Lanka,LKA,..,..,3,3,3,3,3,..,..,..,3,..
"Calificación de transparencia, responsabilidad y corrupción en el sector público de la CPIA (1=bajo a 6=alto)",IQ.CPA.TRAN.XQ,Saint Kitts y Nevis,KNA,..,..,..,..,..,..,..,..,..,..,..,..
"Calificación de transparencia, responsabilidad y corrupción en el sector público de la CPIA (1=bajo a 6=alto)",IQ.CPA.TRAN.XQ,Santa Lucía,LCA,..,..,4.5,4.5,4.5,4.5,4.5,4.5,4.5,4.5,4.5,..
"Calificación de transparencia, responsabilidad y corrupción en el sector público de la CPIA (1=bajo a 6=alto)",IQ.CPA.TRAN.XQ,Isla de San Martín (parte francesa),MAF,..,..,..,..,..,..,..,..,..,..,..,..
"Calificación de transparencia, responsabilidad y corrupción en el sector público de la CPIA (1=bajo a 6=alto)",IQ.CPA.TRAN.XQ,San Vicente y las Granadinas,VCT,..,..,4,4,4,4,4,4,4,4,4,..
"Calificación de transparencia, responsabilidad y corrupción en el sector público de la CPIA (1=bajo a 6=alto)",IQ.CPA.TRAN.XQ,Sudán,SDN,..,..,1.5,1.5,1.5,1.5,1.5,1.5,1.5,1.5,1.5,..
"Calificación de transparencia, responsabilidad y corrupción en el sector público de la CPIA (1=bajo a 6=alto)",IQ.CPA.TRAN.XQ,Suriname,SUR,..,..,..,..,..,..,..,..,..,..,..,..
"Calificación de transparencia, responsabilidad y corrupción en el sector público de la CPIA (1=bajo a 6=alto)",IQ.CPA.TRAN.XQ,Suecia,SWE,..,..,..,..,..,..,..,..,..,..,..,..
"Calificación de transparencia, responsabilidad y corrupción en el sector público de la CPIA (1=bajo a 6=alto)",IQ.CPA.TRAN.XQ,Suiza,CHE,..,..,..,..,..,..,..,..,..,..,..,..
"Calificación de transparencia, responsabilidad y corrupción en el sector público de la CPIA (1=bajo a 6=alto)",IQ.CPA.TRAN.XQ,República Árabe Siria,SYR,..,..,..,..,..,..,..,..,..,..,..,..
"Calificación de transparencia, responsabilidad y corrupción en el sector público de la CPIA (1=bajo a 6=alto)",IQ.CPA.TRAN.XQ,Tayikistán,TJK,..,..,2.5,2.5,2.5,2.5,2.5,2.5,2.5,2,2,..
"Calificación de transparencia, responsabilidad y corrupción en el sector público de la CPIA (1=bajo a 6=alto)",IQ.CPA.TRAN.XQ,Tanzanía,TZA,..,..,3,3,3,3,3,3,3,2.5,3,..
"Calificación de transparencia, responsabilidad y corrupción en el sector público de la CPIA (1=bajo a 6=alto)",IQ.CPA.TRAN.XQ,Tailandia,THA,..,..,..,..,..,..,..,..,..,..,..,..
"Calificación de transparencia, responsabilidad y corrupción en el sector público de la CPIA (1=bajo a 6=alto)",IQ.CPA.TRAN.XQ,Timor-Leste,TLS,..,..,2.5,2.5,2.5,2.5,2.5,2.5,2.5,2.5,3,..
"Calificación de transparencia, responsabilidad y corrupción en el sector público de la CPIA (1=bajo a 6=alto)",IQ.CPA.TRAN.XQ,Togo,TGO,..,..,2.5,2.5,2.5,2.5,2.5,2.5,3,3,3,..
"Calificación de transparencia, responsabilidad y corrupción en el sector público de la CPIA (1=bajo a 6=alto)",IQ.CPA.TRAN.XQ,Tonga,TON,..,..,3.5,3.5,3.5,3.5,3.5,3.5,3.5,3.5,3.5,..
"Calificación de transparencia, responsabilidad y corrupción en el sector público de la CPIA (1=bajo a 6=alto)",IQ.CPA.TRAN.XQ,Trinidad y Tobago,TTO,..,..,..,..,..,..,..,..,..,..,..,..
"Calificación de transparencia, responsabilidad y corrupción en el sector público de la CPIA (1=bajo a 6=alto)",IQ.CPA.TRAN.XQ,Túnez,TUN,..,..,..,..,..,..,..,..,..,..,..,..
"Calificación de transparencia, responsabilidad y corrupción en el sector público de la CPIA (1=bajo a 6=alto)",IQ.CPA.TRAN.XQ,Turquía,TUR,..,..,..,..,..,..,..,..,..,..,..,..
"Calificación de transparencia, responsabilidad y corrupción en el sector público de la CPIA (1=bajo a 6=alto)",IQ.CPA.TRAN.XQ,Turkmenistán,TKM,..,..,..,..,..,..,..,..,..,..,..,..
"Calificación de transparencia, responsabilidad y corrupción en el sector público de la CPIA (1=bajo a 6=alto)",IQ.CPA.TRAN.XQ,Islas Turcas y Caicos,TCA,..,..,..,..,..,..,..,..,..,..,..,..
"Calificación de transparencia, responsabilidad y corrupción en el sector público de la CPIA (1=bajo a 6=alto)",IQ.CPA.TRAN.XQ,Tuvalu,TUV,..,..,..,3,3,3.5,3.5,3.5,3.5,3.5,3.5,..
"Calificación de transparencia, responsabilidad y corrupción en el sector público de la CPIA (1=bajo a 6=alto)",IQ.CPA.TRAN.XQ,Uganda,UGA,..,..,2.5,2,2,2,2,2,2,2.5,2.5,..
"Calificación de transparencia, responsabilidad y corrupción en el sector público de la CPIA (1=bajo a 6=alto)",IQ.CPA.TRAN.XQ,Ucrania,UKR,..,..,..,..,..,..,..,..,..,..,..,..
"Calificación de transparencia, responsabilidad y corrupción en el sector público de la CPIA (1=bajo a 6=alto)",IQ.CPA.TRAN.XQ,Emiratos Árabes Unidos,ARE,..,..,..,..,..,..,..,..,..,..,..,..
"Calificación de transparencia, responsabilidad y corrupción en el sector público de la CPIA (1=bajo a 6=alto)",IQ.CPA.TRAN.XQ,Reino Unido,GBR,..,..,..,..,..,..,..,..,..,..,..,..
"Calificación de transparencia, responsabilidad y corrupción en el sector público de la CPIA (1=bajo a 6=alto)",IQ.CPA.TRAN.XQ,Estados Unidos,USA,..,..,..,..,..,..,..,..,..,..,..,..
"Calificación de transparencia, responsabilidad y corrupción en el sector público de la CPIA (1=bajo a 6=alto)",IQ.CPA.TRAN.XQ,Uruguay,URY,..,..,..,..,..,..,..,..,..,..,..,..
"Calificación de transparencia, responsabilidad y corrupción en el sector público de la CPIA (1=bajo a 6=alto)",IQ.CPA.TRAN.XQ,Uzbekistán,UZB,..,..,2,2,2,2,2,2,2,2.5,2.5,..
"Calificación de transparencia, responsabilidad y corrupción en el sector público de la CPIA (1=bajo a 6=alto)",IQ.CPA.TRAN.XQ,Vanuatu,VUT,..,..,3,3.5,3.5,3,3,3,3,3,3,..
"Calificación de transparencia, responsabilidad y corrupción en el sector público de la CPIA (1=bajo a 6=alto)",IQ.CPA.TRAN.XQ,Venezuela,VEN,..,..,..,..,..,..,..,..,..,..,..,..
"Calificación de transparencia, responsabilidad y corrupción en el sector público de la CPIA (1=bajo a 6=alto)",IQ.CPA.TRAN.XQ,Viet Nam,VNM,..,..,3,3,3,3,3,..,..,..,..,..
"Calificación de transparencia, responsabilidad y corrupción en el sector público de la CPIA (1=bajo a 6=alto)",IQ.CPA.TRAN.XQ,Islas Vírgenes (EE.UU.),VIR,..,..,..,..,..,..,..,..,..,..,..,..
"Calificación de transparencia, responsabilidad y corrupción en el sector público de la CPIA (1=bajo a 6=alto)",IQ.CPA.TRAN.XQ,Ribera Occidental y Gaza,PSE,..,..,..,..,..,..,..,..,..,..,..,..
"Calificación de transparencia, responsabilidad y corrupción en el sector público de la CPIA (1=bajo a 6=alto)",IQ.CPA.TRAN.XQ,"Yemen, Rep. del",YEM,..,..,2.5,2,2,2,1.5,1.5,1.5,1.5,1.5,..
"Calificación de transparencia, responsabilidad y corrupción en el sector público de la CPIA (1=bajo a 6=alto)",IQ.CPA.TRAN.XQ,Zambia,ZMB,..,..,2.5,3,3,3,3,3,3,2.5,2.5,..
"Calificación de transparencia, responsabilidad y corrupción en el sector público de la CPIA (1=bajo a 6=alto)",IQ.CPA.TRAN.XQ,Zimbabwe,ZWE,..,..,1.5,1.5,1.5,1.5,2,2,2,2.5,2.5,..
,,,,,,,,,,,,,,,
,,,,,,,,,,,,,,,
,,,,,,,,,,,,,,,
Data from Database: Indicadores del desarrollo mundial,,,,,,,,,,,,,,,
Last Updated: 09/16/2020,,,,,,,,,,,,,,,
